[
    {
        "email": "taro.suzuki@ait.jp",
        "first_name": "Taro",
        "last_name": "Suzuki"
    },
    {
        "email": "jiro.tanaka@ait.jp",
        "first_name": "Jiro",
        "last_name": "Tanaka"
    },
    {
        "email": "saburo.suzuki@ait.jp",
        "first_name": "Saburo",
        "last_name": "Suzuki"
    },
    {
        "email": "fds",
        "first_name": "fss",
        "last_name": "fds"
    },
    {
        "email": "we",
        "first_name": "dsaf",
        "last_name": "fs"
    },
    {
        "email": "wr",
        "first_name": "vd",
        "last_name": "we"
    },
    {
        "email": "sc",
        "first_name": "gh",
        "last_name": "qwer"
    },
    {
        "email": "cvb",
        "first_name": "dfgh",
        "last_name": "qwe"
    }
]